time_step,hourly_timestamp,hour_of_day,day_of_week,is_weekend,is_peak_hour,acn_sessions_count,acn_total_kwh,acn_avg_kwh_per_session,acn_base_revenue,acn_revenue_per_session,acn_energy_cost_per_kwh,urban_mean_utilization,urban_peak_queue,urban_total_volume,station_cluster_id
0,2024-01-01T00:00:00Z,0,0,0,0,29,559.9516763301782,19.308678494144075,8399.275144952673,289.6301774121611,15.0,0.5496714153011233,0.0,559.9516763301782,0
1,2024-01-01T01:00:00Z,1,0,0,0,23,449.1185847817332,19.52689499051014,6736.778771725998,292.9034248576521,15.0,0.5318902184689384,0.0,449.1185847817332,1
2,2024-01-01T02:00:00Z,2,0,0,0,17,304.9639791598672,17.93905759763925,4574.459687398008,269.0858639645887,15.0,0.41147696543084056,0.0,304.9639791598672,2
3,2024-01-01T03:00:00Z,3,0,0,0,26,710.1091556449821,27.31189060173008,10651.637334674731,409.67835902595124,15.0,0.5542560043585965,2.0812750112005625,710.1091556449821,3
4,2024-01-01T04:00:00Z,4,0,0,0,9,207.15485512671592,23.017206125190658,3107.3228269007386,345.25809187785984,15.0,0.2560894184943977,0.0,207.15485512671592,4
5,2024-01-01T05:00:00Z,5,0,0,0,27,556.4995873050618,20.611095826113402,8347.493809575928,309.16643739170104,15.0,0.49653478157724007,0.0,556.4995873050618,0
6,2024-01-01T06:00:00Z,6,0,0,0,20,494.7439821046639,24.737199105233195,7421.159731569959,371.05798657849795,15.0,0.4399746149894088,0.0,494.7439821046639,1
7,2024-01-01T07:00:00Z,7,0,0,1,34,872.1387929624963,25.651140969485184,13082.081894437444,384.76711454227774,15.0,0.6721617992909106,2.0947369076385245,872.1387929624963,2
8,2024-01-01T08:00:00Z,8,0,0,1,31,440.3906125016122,14.206148790374588,6605.859187524184,213.09223185561882,15.0,0.7113527049435444,0.848407935512802,440.3906125016122,3
9,2024-01-01T09:00:00Z,9,0,0,1,42,907.8299574284425,21.614998986391488,13617.449361426638,324.22498479587233,15.0,0.8591992264357671,2.1985753234849668,907.8299574284425,4
10,2024-01-01T10:00:00Z,10,0,0,0,12,177.3662155059099,14.780517958825826,2660.4932325886484,221.70776938238737,15.0,0.2821665753176291,0.0,177.3662155059099,0
11,2024-01-01T11:00:00Z,11,0,0,0,27,646.046836807263,23.927660622491224,9690.702552108945,358.9149093373684,15.0,0.5171368281189971,2.8273783724620136,646.046836807263,1
12,2024-01-01T12:00:00Z,12,0,0,0,28,789.8479562419707,28.20885558007038,11847.71934362956,423.1328337010557,15.0,0.526348604023021,0.0,789.8479562419707,2
13,2024-01-01T13:00:00Z,13,0,0,0,23,363.0067088136823,15.782900383203577,5445.100632205234,236.74350574805365,15.0,0.41194087339528934,0.0,363.0067088136823,3
14,2024-01-01T14:00:00Z,14,0,0,0,19,353.8464135265927,18.623495448768036,5307.69620289889,279.35243173152054,15.0,0.4956463197526502,0.5385859922395414,353.8464135265927,4
15,2024-01-01T15:00:00Z,15,0,0,0,26,581.8855363655063,22.380212937134857,8728.283045482594,335.70319405702287,15.0,0.5887748459593357,2.191409727991941,581.8855363655063,0
16,2024-01-01T16:00:00Z,16,0,0,0,27,620.6010272341753,22.98522323089538,9309.015408512629,344.7783484634307,15.0,0.5211587012326017,0.043381924226931545,620.6010272341753,1
17,2024-01-01T17:00:00Z,17,0,0,1,38,726.2308969585755,19.111339393646723,10893.463454378632,286.6700909047008,15.0,0.8664768645504524,3.254385336818223,726.2308969585755,2
18,2024-01-01T18:00:00Z,18,0,0,1,45,697.9032136224723,15.508960302721608,10468.548204337085,232.6344045408241,15.0,0.8679716344700701,4.137601421700716,697.9032136224723,3
19,2024-01-01T19:00:00Z,19,0,0,1,26,567.0126832561924,21.80818012523817,8505.190248842886,327.12270187857257,15.0,0.5815712621634118,0.1705928670289939,567.0126832561924,4
20,2024-01-01T20:00:00Z,20,0,0,0,27,747.6349364729058,27.690182832329842,11214.524047093586,415.3527424849476,15.0,0.5361395605508414,0.21086174724863177,747.6349364729058,0
21,2024-01-01T21:00:00Z,21,0,0,0,17,347.39900080024455,20.435235341190857,5210.985012003668,306.5285301178629,15.0,0.4034442328105025,0.0,347.39900080024455,1
22,2024-01-01T22:00:00Z,22,0,0,0,24,241.49173024789286,10.062155426995536,3622.375953718393,150.93233140493305,15.0,0.5091760776535502,0.0,241.49173024789286,2
23,2024-01-01T23:00:00Z,23,0,0,0,15,310.1815372107365,20.678769147382432,4652.723058161047,310.1815372107365,15.0,0.35049461291856643,0.0,310.1815372107365,3
24,2024-01-02T00:00:00Z,0,1,0,0,32,697.7477404145817,21.804616887955678,10466.216106218726,327.0692533193352,15.0,0.5704981311332721,1.2064296428575259,697.7477404145817,4
25,2024-01-02T01:00:00Z,1,1,0,0,30,377.636362971163,12.587878765705433,5664.545444567445,188.8181814855815,15.0,0.6158186652932027,0.929339136693011,377.636362971163,0
26,2024-01-02T02:00:00Z,2,1,0,0,33,625.4007479218952,18.95153781581501,9381.01121882843,284.2730672372251,15.0,0.5962641289999702,0.6350161067216991,625.4007479218952,1
27,2024-01-02T03:00:00Z,3,1,0,0,15,363.7440903046762,24.24960602031175,5456.161354570143,363.7440903046762,15.0,0.4138401945751671,0.0,363.7440903046762,2
28,2024-01-02T04:00:00Z,4,1,0,0,23,401.73602974237474,17.46678390184238,6026.040446135621,262.0017585276357,15.0,0.4129695045438926,1.0748106599257117,401.73602974237474,3
29,2024-01-02T05:00:00Z,5,1,0,0,28,623.4110857146914,22.26468163266755,9351.16628572037,333.97022449001327,15.0,0.48466635424838594,0.0,623.4110857146914,4
30,2024-01-02T06:00:00Z,6,1,0,0,29,286.7643346866184,9.888425334021324,4301.465020299276,148.32638001031987,15.0,0.5214938830094755,0.0,286.7643346866184,0
31,2024-01-02T07:00:00Z,7,1,0,1,40,416.2457569401917,10.406143923504793,6243.686354102876,156.09215885257188,15.0,0.7353527193258383,2.3270133178091665,416.2457569401917,1
32,2024-01-02T08:00:00Z,8,1,0,1,37,1195.699790809778,32.316210562426434,17935.496862146672,484.7431584363965,15.0,0.7560230209941027,2.480142874588538,1195.699790809778,2
33,2024-01-02T09:00:00Z,9,1,0,1,31,530.9200728199231,17.126453961933002,7963.801092298847,256.896809428995,15.0,0.7258619868355788,1.837121648015904,530.9200728199231,3
34,2024-01-02T10:00:00Z,10,1,0,0,27,539.0036797574827,19.963099250277136,8085.05519636224,299.44648875415703,15.0,0.5339820964186643,1.482643778701664,539.0036797574827,4
35,2024-01-02T11:00:00Z,11,1,0,0,23,367.7897980147852,15.99086078325153,5516.846970221778,239.86291174877297,15.0,0.5751933032686775,2.135948751619453,367.7897980147852,0
36,2024-01-02T12:00:00Z,12,1,0,0,27,727.9639767214069,26.961628767459516,10919.459650821103,404.42443151189275,15.0,0.6405205305878188,1.4333047692263894,727.9639767214069,1
37,2024-01-02T13:00:00Z,13,1,0,0,16,456.52839629427694,28.53302476839231,6847.925944414154,427.99537152588465,15.0,0.3802912936661697,0.0,456.52839629427694,2
38,2024-01-02T14:00:00Z,14,1,0,0,22,399.7906773484203,18.172303515837285,5996.860160226304,272.5845527375593,15.0,0.5009144345740137,0.0,399.7906773484203,3
39,2024-01-02T15:00:00Z,15,1,0,0,26,400.4748495496056,15.402878828830985,6007.122743244084,231.0431824324648,15.0,0.4730066230924309,1.2800006359418485,400.4748495496056,4
40,2024-01-02T16:00:00Z,16,1,0,0,22,404.5732332173757,18.38969241897162,6068.598498260635,275.8453862845743,15.0,0.42167467076637627,1.0890658249844831,404.5732332173757,0
41,2024-01-02T17:00:00Z,17,1,0,1,40,1008.7721221837317,25.21930305459329,15131.581832755975,378.28954581889934,15.0,0.7896373940064442,3.4228221013991376,1008.7721221837317,1
42,2024-01-02T18:00:00Z,18,1,0,1,40,1307.8325432538666,32.69581358134666,19617.488148808,490.43720372019993,15.0,0.8863886524417105,4.86437213217921,1307.8325432538666,2
43,2024-01-02T19:00:00Z,19,1,0,1,39,538.794611378774,13.81524644560959,8081.91917068161,207.22869668414384,15.0,0.7652420862259259,1.331964249174983,538.794611378774,3
44,2024-01-02T20:00:00Z,20,1,0,0,29,623.062777618812,21.48492336616593,9345.94166428218,322.2738504924889,15.0,0.5521941565616898,1.4426082813299692,623.062777618812,4
45,2024-01-02T21:00:00Z,21,1,0,0,21,443.76026829738186,21.131441347494373,6656.404024460728,316.9716202124156,15.0,0.4773277544450638,0.6206789770272769,443.76026829738186,0
46,2024-01-02T22:00:00Z,22,1,0,0,25,347.89313845509514,13.915725538203805,5218.397076826427,208.73588307305707,15.0,0.5174833011991471,0.3254920554747517,347.89313845509514,1
47,2024-01-02T23:00:00Z,23,1,0,0,22,332.78501627499463,15.126591648863393,4991.7752441249195,226.8988747329509,15.0,0.49842850601475536,0.7713696638900056,332.78501627499463,2
48,2024-01-03T00:00:00Z,0,2,0,0,32,508.6908290637263,15.896588408241447,7630.362435955894,238.4488261236217,15.0,0.6158595579007404,1.583081823063855,508.6908290637263,3
49,2024-01-03T01:00:00Z,1,2,0,0,24,556.1088355517148,23.17120148132145,8341.632533275722,347.5680222198217,15.0,0.594053558496201,4.00163079934027,556.1088355517148,4
50,2024-01-03T02:00:00Z,2,2,0,0,18,424.8348517834377,23.601936210190985,6372.522776751566,354.0290431528648,15.0,0.36814298392418876,0.0,424.8348517834377,0
51,2024-01-03T03:00:00Z,3,2,0,0,29,755.3603857495619,26.04690985343317,11330.40578624343,390.70364780149754,15.0,0.5413354087623645,0.9513140913156409,755.3603857495619,1
52,2024-01-03T04:00:00Z,4,2,0,0,33,675.4712959750711,20.468827150759733,10132.069439626068,307.032407261396,15.0,0.7734422159061742,3.3600895068267485,675.4712959750711,2
53,2024-01-03T05:00:00Z,5,2,0,0,17,465.78714589187695,27.399243875992763,6986.807188378154,410.98865813989147,15.0,0.41428424435837174,0.0,465.78714589187695,3
54,2024-01-03T06:00:00Z,6,2,0,0,16,300.54924316743876,18.784327697964923,4508.238647511582,281.76491546947386,15.0,0.3216748937834476,0.0,300.54924316743876,4
55,2024-01-03T07:00:00Z,7,2,0,1,40,867.2797527572504,21.68199381893126,13009.196291358756,325.22990728396894,15.0,0.8240340817947739,3.290970628862905,867.2797527572504,0
56,2024-01-03T08:00:00Z,8,2,0,1,37,652.0773905459121,17.623713257997622,9781.160858188681,264.35569886996433,15.0,0.7282543023095975,2.1713390232857064,652.0773905459121,1
57,2024-01-03T09:00:00Z,9,2,0,1,24,565.2131088436744,23.550546201819767,8478.196632655116,353.2581930272965,15.0,0.5750930565828386,0.843409437379483,565.2131088436744,2
58,2024-01-03T10:00:00Z,10,2,0,0,30,864.4406208454843,28.814687361516143,12966.609312682265,432.22031042274216,15.0,0.5630074938601007,1.2651874895029867,864.4406208454843,3
59,2024-01-03T11:00:00Z,11,2,0,0,20,405.8208718446,20.29104359223,6087.3130776689995,304.36565388345,15.0,0.3919799129959515,0.0,405.8208718446,4
60,2024-01-03T12:00:00Z,12,2,0,0,21,478.8823752686646,22.80392263184117,7183.235629029969,342.0588394776176,15.0,0.5357787360348283,0.7764268295208847,478.8823752686646,0
61,2024-01-03T13:00:00Z,13,2,0,0,22,539.5634155952215,24.525609799782796,8093.451233928323,367.88414699674195,15.0,0.4271820750636666,0.0,539.5634155952215,1
62,2024-01-03T14:00:00Z,14,2,0,0,30,638.581123647016,21.286037454900534,9578.71685470524,319.290561823508,15.0,0.5304449119870852,0.0,638.581123647016,2
63,2024-01-03T15:00:00Z,15,2,0,0,21,298.9806359756984,14.237173141699925,4484.709539635476,213.5575971254989,15.0,0.4872265171536114,0.0,298.9806359756984,3
64,2024-01-03T16:00:00Z,16,2,0,0,25,393.00888527132895,15.720355410853157,5895.133279069934,235.80533116279736,15.0,0.5165022798109339,0.0,393.00888527132895,4
65,2024-01-03T17:00:00Z,17,2,0,1,35,627.4569340567689,17.92734097305054,9411.854010851534,268.9101145957581,15.0,0.7044966826012433,2.1251655385532477,627.4569340567689,0
66,2024-01-03T18:00:00Z,18,2,0,1,28,513.1255853647373,18.325913763026332,7696.883780471059,274.888706445395,15.0,0.6606879726370777,1.0655942847308095,513.1255853647373,1
67,2024-01-03T19:00:00Z,19,2,0,1,40,1042.0797266273278,26.051993165683193,15631.195899409917,390.7798974852479,15.0,0.8276823004425603,3.125587038933374,1042.0797266273278,2
68,2024-01-03T20:00:00Z,20,2,0,0,20,270.87838868638175,13.543919434319088,4063.1758302957264,203.15879151478632,15.0,0.462547844090953,0.9889139318612344,270.87838868638175,3
69,2024-01-03T21:00:00Z,21,2,0,0,25,246.8571766677991,9.874287066711965,3702.8576500169866,148.11430600067948,15.0,0.5828765977604875,1.0152202923743028,246.8571766677991,4
70,2024-01-03T22:00:00Z,22,2,0,0,25,606.554166849528,24.26216667398112,9098.31250274292,363.9325001097168,15.0,0.4338213535231612,0.0,606.554166849528,0
71,2024-01-03T23:00:00Z,23,2,0,0,37,718.6374191641094,19.422632950381335,10779.56128746164,291.33949425572,15.0,0.6661301730608155,2.4930103075840018,718.6374191641094,1
72,2024-01-04T00:00:00Z,0,3,0,0,26,493.3998542879135,18.976917472612058,7400.997814318703,284.6537620891809,15.0,0.4680644922185222,0.0,493.3998542879135,2
73,2024-01-04T01:00:00Z,1,3,0,0,30,481.8597134461692,16.06199044820564,7227.895701692539,240.9298567230846,15.0,0.5917861947054777,2.841486359200056,481.8597134461692,3
74,2024-01-04T02:00:00Z,2,3,0,0,19,401.75219106189155,21.144852161152187,6026.282865928373,317.1727824172828,15.0,0.38164268320554623,0.0,401.75219106189155,4
75,2024-01-04T03:00:00Z,3,3,0,0,32,751.8547810975982,23.495461909299944,11277.821716463974,352.4319286394992,15.0,0.5774634053429337,1.374530687140343,751.8547810975982,0
76,2024-01-04T04:00:00Z,4,3,0,0,21,200.15162957631838,9.531029979824686,3002.2744436447756,142.96544969737027,15.0,0.4518751866176494,1.1511631701081293,200.15162957631838,1
77,2024-01-04T05:00:00Z,5,3,0,0,16,294.04836419460804,18.378022762163003,4410.72546291912,275.670341432445,15.0,0.3569858622039367,0.0,294.04836419460804,2
78,2024-01-04T06:00:00Z,6,3,0,0,38,775.991068991505,20.420817605039606,11639.866034872575,306.3122640755941,15.0,0.8187033338072969,3.7548017058305936,775.991068991505,3
79,2024-01-04T07:00:00Z,7,3,0,1,34,691.8663544483032,20.349010424950094,10377.99531672455,305.2351563742514,15.0,0.7648181731379149,2.262868134517389,691.8663544483032,4
80,2024-01-04T08:00:00Z,8,3,0,1,34,792.562214668578,23.310653372605234,11888.43322002867,349.6598005890785,15.0,0.7613517345251248,1.5791149887655638,792.562214668578,0
81,2024-01-04T09:00:00Z,9,3,0,1,35,778.1006359003356,22.23144674000959,11671.509538505035,333.4717011001439,15.0,0.7704282942001329,3.840525259120592,778.1006359003356,1
82,2024-01-04T10:00:00Z,10,3,0,0,23,581.9734365644622,25.303192894107053,8729.601548466933,379.5478934116058,15.0,0.5501426757026082,0.6117263356595037,581.9734365644622,2
83,2024-01-04T11:00:00Z,11,3,0,0,23,436.06594120891333,18.959388748213623,6540.9891181337,284.3908312232044,15.0,0.4569974614150084,0.0,436.06594120891333,3
84,2024-01-04T12:00:00Z,12,3,0,0,20,484.9602097021025,24.248010485105123,7274.403145531537,363.72015727657686,15.0,0.4410635243055788,0.0,484.9602097021025,4
85,2024-01-04T13:00:00Z,13,3,0,0,33,794.1222496084284,24.0643105941948,11911.833744126427,360.964658912922,15.0,0.6326471668319048,1.9561005102426603,794.1222496084284,0
86,2024-01-04T14:00:00Z,14,3,0,0,23,395.5791803773485,17.199094799015153,5933.687705660228,257.9864219852273,15.0,0.41710049890779277,1.041428886893445,395.5791803773485,1
87,2024-01-04T15:00:00Z,15,3,0,0,30,331.84925821023273,11.061641940341092,4977.738873153491,165.92462910511637,15.0,0.6688017032368915,0.46744692808706034,331.84925821023273,2
88,2024-01-04T16:00:00Z,16,3,0,0,20,516.1937317746775,25.809686588733875,7742.905976620163,387.1452988310081,15.0,0.4330797271818787,0.09527550714449828,516.1937317746775,3
89,2024-01-04T17:00:00Z,17,3,0,1,32,574.7335435565926,17.96042323614352,8621.00315334889,269.4063485421528,15.0,0.6388836187255902,1.6504592432283682,574.7335435565926,4
90,2024-01-04T18:00:00Z,18,3,0,1,40,986.1868167948159,24.654670419870396,14792.802251922238,369.82005629805593,15.0,0.7512146509073225,3.1940994803681892,986.1868167948159,0
91,2024-01-04T19:00:00Z,19,3,0,1,30,538.3064114010278,17.943547046700928,8074.596171015418,269.1532057005139,15.0,0.7189733243406544,3.1737567879696345,538.3064114010278,1
92,2024-01-04T20:00:00Z,20,3,0,0,23,490.7781416287594,21.338180070815625,7361.67212443139,320.0727010622344,15.0,0.510356808444235,2.015885724282321,490.7781416287594,2
93,2024-01-04T21:00:00Z,21,3,0,0,29,609.2765790614053,21.009537209013978,9139.14868592108,315.1430581352097,15.0,0.6065227082546918,0.2604903974714219,609.2765790614053,3
94,2024-01-04T22:00:00Z,22,3,0,0,16,341.5454123402031,21.346588271262693,5123.181185103046,320.1988240689404,15.0,0.3559347261193183,0.0,341.5454123402031,4
95,2024-01-04T23:00:00Z,23,3,0,0,27,445.6152119575912,16.504267109540415,6684.228179363869,247.5640066431062,15.0,0.562834550926428,0.6195284630184721,445.6152119575912,0
96,2024-01-05T00:00:00Z,0,4,0,0,15,432.7823637425039,28.85215758283359,6491.735456137559,432.7823637425039,15.0,0.29099822513697204,0.0,432.7823637425039,1
97,2024-01-05T01:00:00Z,1,4,0,0,30,692.0762012213137,23.069206707377123,10381.143018319704,346.03810061065684,15.0,0.5404582895117525,1.7624636832175127,692.0762012213137,2
98,2024-01-05T02:00:00Z,2,4,0,0,18,378.34404547747204,21.019113637637336,5675.160682162081,315.28670456456,15.0,0.45666965930974396,0.0,378.34404547747204,3
99,2024-01-05T03:00:00Z,3,4,0,0,27,344.5086138978612,12.759578292513378,5167.629208467918,191.39367438770068,15.0,0.5079009014244057,0.0,344.5086138978612,4
100,2024-01-05T04:00:00Z,4,4,0,0,21,397.58804907025603,18.932764241440765,5963.820736053841,283.9914636216115,15.0,0.4281555778747564,0.0,397.58804907025603,0
101,2024-01-05T05:00:00Z,5,4,0,0,26,517.5278929726504,19.904918960486555,7762.918394589757,298.5737844072983,15.0,0.5831958186574511,0.0,517.5278929726504,1
102,2024-01-05T06:00:00Z,6,4,0,0,28,519.5877905511807,18.55670680539931,7793.81685826771,278.35060208098963,15.0,0.498148686400761,0.8334313315722947,519.5877905511807,2
103,2024-01-05T07:00:00Z,7,4,0,1,44,1064.8376550412536,24.200855796392126,15972.564825618803,363.0128369458819,15.0,0.8268339454305004,4.401681479374077,1064.8376550412536,3
104,2024-01-05T08:00:00Z,8,4,0,1,29,374.1055632162049,12.90019183504155,5611.583448243074,193.50287752562326,15.0,0.6960254640675406,2.017667588431777,374.1055632162049,4
105,2024-01-05T09:00:00Z,9,4,0,1,32,651.1444263230206,20.348263322594395,9767.16639484531,305.2239498389159,15.0,0.6655892267591254,2.6393965739497185,651.1444263230206,0
106,2024-01-05T10:00:00Z,10,4,0,0,23,466.2503164629357,20.271752889692856,6993.754746944035,304.07629334539286,15.0,0.5473627387727564,0.0017498636096950348,466.2503164629357,1
107,2024-01-05T11:00:00Z,11,4,0,0,17,442.03498161513886,26.00205774206699,6630.5247242270825,390.03086613100487,15.0,0.44438188541980117,1.2599066444418268,442.03498161513886,2
108,2024-01-05T12:00:00Z,12,4,0,0,23,572.2755495453267,24.88154563240551,8584.1332431799,373.22318448608263,15.0,0.488906806437049,0.0,572.2755495453267,3
109,2024-01-05T13:00:00Z,13,4,0,0,26,344.1814278617004,13.237747225450015,5162.721417925506,198.56620838175022,15.0,0.44006073545559776,0.0,344.1814278617004,4
110,2024-01-05T14:00:00Z,14,4,0,0,19,252.90474173820405,13.310775880958108,3793.571126073061,199.6616382143716,15.0,0.42017647819684667,0.0,252.90474173820405,0
111,2024-01-05T15:00:00Z,15,4,0,0,24,298.25101874205143,12.427125780918809,4473.765281130772,186.40688671378214,15.0,0.5362476458805302,1.0421361279687207,298.25101874205143,1
112,2024-01-05T16:00:00Z,16,4,0,0,23,534.6227227441582,23.24446620626775,8019.340841162373,348.6669930940162,15.0,0.48772112508424853,0.0,534.6227227441582,2
113,2024-01-05T17:00:00Z,17,4,0,1,48,994.0920220602163,20.71025045958784,14911.380330903245,310.6537568938176,15.0,0.9331458765854354,5.368617230798979,994.0920220602163,3
114,2024-01-05T18:00:00Z,18,4,0,1,35,495.28201937007333,14.150914839144953,7429.2302905511,212.2637225871743,15.0,0.7190256896517395,2.4857344209405787,495.28201937007333,4
115,2024-01-05T19:00:00Z,19,4,0,1,35,679.9555270807919,19.42730077373691,10199.332906211877,291.4095116060536,15.0,0.6402654131433342,2.6404704434068034,679.9555270807919,0
116,2024-01-05T20:00:00Z,20,4,0,0,18,306.0562479341604,17.003124885231134,4590.843719012406,255.04687327846702,15.0,0.34055723412056327,0.0,306.0562479341604,1
117,2024-01-05T21:00:00Z,21,4,0,0,25,500.6554624647729,20.026218498590914,7509.831936971594,300.3932774788637,15.0,0.5302348290331642,0.3493288840963842,500.6554624647729,2
118,2024-01-05T22:00:00Z,22,4,0,0,25,577.8562415434374,23.114249661737496,8667.84362315156,346.7137449260624,15.0,0.45499345285207565,0.0,577.8562415434374,3
119,2024-01-05T23:00:00Z,23,4,0,0,22,57.4013864999788,2.609153931817218,861.020797499682,39.13730897725827,15.0,0.5535491809975205,0.26722874802569213,57.4013864999788,4
120,2024-01-06T00:00:00Z,0,5,1,0,12,293.5695218579313,24.464126821494276,4403.54282786897,366.9619023224141,15.0,0.3482087744194366,0.5428356690763532,293.5695218579313,0
121,2024-01-06T01:00:00Z,1,5,1,0,31,532.6949152236436,17.183706942698183,7990.4237283546545,257.75560414047277,15.0,0.5755340842443205,3.2945986336540978,532.6949152236436,1
122,2024-01-06T02:00:00Z,2,5,1,0,22,397.10985698892443,18.05044804495111,5956.647854833866,270.75672067426666,15.0,0.5396793578770243,0.5999071267167488,397.10985698892443,2
123,2024-01-06T03:00:00Z,3,5,1,0,16,181.53015169875462,11.345634481172164,2722.9522754813192,170.18451721758245,15.0,0.4049572729299405,0.49391152128121585,181.53015169875462,3
124,2024-01-06T04:00:00Z,4,5,1,0,22,424.9214396853962,19.314610894790736,6373.821595280943,289.719163421861,15.0,0.48860635602461533,0.0,424.9214396853962,4
125,2024-01-06T05:00:00Z,5,5,1,0,30,885.8860855390491,29.52953618463497,13288.291283085737,442.94304276952454,15.0,0.5961303471963638,1.18890579289413,885.8860855390491,0
126,2024-01-06T06:00:00Z,6,5,1,0,14,379.3771084280621,27.098364887718724,5690.656626420931,406.47547331578085,15.0,0.38053297381225204,0.0,379.3771084280621,1
127,2024-01-06T07:00:00Z,7,5,1,1,34,701.7669816549383,20.640205342792303,10526.504724824073,309.60308014188456,15.0,0.6444452301103382,0.9631139518236563,701.7669816549383,2
128,2024-01-06T08:00:00Z,8,5,1,1,23,390.7405366685497,16.988718985589117,5861.108050028245,254.83078478383675,15.0,0.5351945093844259,0.0,390.7405366685497,3
129,2024-01-06T09:00:00Z,9,5,1,1,42,649.3086508502081,15.459729782147813,9739.629762753122,231.8959467322172,15.0,0.853214252595922,4.0931755934302805,649.3086508502081,4
130,2024-01-06T10:00:00Z,10,5,1,0,13,368.79363036043986,28.368740796956914,5531.904455406598,425.5311119543537,15.0,0.32475532996731316,0.0,368.79363036043986,0
131,2024-01-06T11:00:00Z,11,5,1,0,24,553.9327984823699,23.080533270098744,8308.991977235548,346.2079990514812,15.0,0.4015064381578995,0.0,553.9327984823699,1
132,2024-01-06T12:00:00Z,12,5,1,0,13,175.39578382677,13.49198337129,2630.93675740155,202.37975056935002,15.0,0.27197088717647444,0.0,175.39578382677,2
133,2024-01-06T13:00:00Z,13,5,1,0,15,271.90040037328924,18.12669335821928,4078.5060055993386,271.90040037328924,15.0,0.3808467176086707,0.0,271.90040037328924,3
134,2024-01-06T14:00:00Z,14,5,1,0,19,354.00707436712304,18.63195128248016,5310.1061155068455,279.4792692372024,15.0,0.3374761816446444,0.0,354.00707436712304,4
135,2024-01-06T15:00:00Z,15,5,1,0,24,582.1625117520612,24.25677132300255,8732.437676280917,363.8515698450382,15.0,0.5973460891602558,0.35309716906700583,582.1625117520612,0
136,2024-01-06T16:00:00Z,16,5,1,0,18,412.15539613948687,22.89752200774927,6182.330942092303,343.46283011623905,15.0,0.32635878277423536,0.63772957114295,412.15539613948687,1
137,2024-01-06T17:00:00Z,17,5,1,1,31,896.0130629125094,28.90364719072611,13440.195943687642,433.55470786089165,15.0,0.6189275735382807,1.4417555237263915,896.0130629125094,2
138,2024-01-06T18:00:00Z,18,5,1,1,35,562.710418582672,16.077440530933487,8440.65627874008,241.16160796400231,15.0,0.6900218970407038,4.979099778862276,562.710418582672,3
139,2024-01-06T19:00:00Z,19,5,1,1,34,939.0438597329475,27.61893705096904,14085.657895994213,414.2840557645356,15.0,0.7619574911434577,0.1628278545710975,939.0438597329475,4
140,2024-01-06T20:00:00Z,20,5,1,0,14,216.68206813490502,15.477290581064645,3250.2310220235754,232.1593587159697,15.0,0.31894941530207815,0.0,216.68206813490502,0
141,2024-01-06T21:00:00Z,21,5,1,0,8,134.13708463029894,16.767135578787368,2012.0562694544842,251.50703368181053,15.0,0.2708963929101885,0.0,134.13708463029894,1
142,2024-01-06T22:00:00Z,22,5,1,0,25,610.2049696186813,24.408198784747253,9153.07454428022,366.1229817712088,15.0,0.5687141635072566,0.3890363657196005,610.2049696186813,2
143,2024-01-06T23:00:00Z,23,5,1,0,28,892.4061164889343,31.871647017461942,13386.091747334016,478.0747052619291,15.0,0.6172842295373306,2.187374988060604,892.4061164889343,3
144,2024-01-07T00:00:00Z,0,6,1,0,14,390.7426728074646,27.9101909148189,5861.140092111969,418.65286372228354,15.0,0.3559495441126475,0.0,390.7426728074646,4
145,2024-01-07T01:00:00Z,1,6,1,0,12,295.57065285189844,24.630887737658202,4433.559792778477,369.463316064873,15.0,0.28641345024927534,0.0,295.57065285189844,0
146,2024-01-07T02:00:00Z,2,6,1,0,13,296.5930003848871,22.814846183452854,4448.895005773306,342.2226927517928,15.0,0.26014324261808586,0.0,296.5930003848871,1
147,2024-01-07T03:00:00Z,3,6,1,0,11,263.8616312463073,23.987421022391572,3957.9244686946095,359.8113153358736,15.0,0.2741157958447805,0.0,263.8616312463073,2
148,2024-01-07T04:00:00Z,4,6,1,0,31,608.4513147876683,19.627461767344137,9126.769721815024,294.41192651016206,15.0,0.5795164556638963,1.0811447228272468,608.4513147876683,3
149,2024-01-07T05:00:00Z,5,6,1,0,32,789.2819424621359,24.665060701941748,11839.22913693204,369.9759105291262,15.0,0.5783112835375057,0.021377919647237786,789.2819424621359,4
150,2024-01-07T06:00:00Z,6,6,1,0,14,209.8567293459886,14.98976638185633,3147.850940189829,224.84649572784494,15.0,0.3435442996730425,0.0,209.8567293459886,0
151,2024-01-07T07:00:00Z,7,6,1,1,23,284.70658868545087,12.378547334150038,4270.598830281763,185.6782100122506,15.0,0.5685215872009702,1.4829521865883368,284.70658868545087,1
152,2024-01-07T08:00:00Z,8,6,1,1,24,512.1291198843913,21.338713328516306,7681.9367982658705,320.0806999277446,15.0,0.5360858271410117,1.2427881817933568,512.1291198843913,2
153,2024-01-07T09:00:00Z,9,6,1,1,24,376.75039616592574,15.697933173580239,5651.255942488886,235.4689976037036,15.0,0.4815127861032261,0.0,376.75039616592574,3
154,2024-01-07T10:00:00Z,10,6,1,0,20,342.3108130476851,17.115540652384254,5134.6621957152765,256.7331097857638,15.0,0.5006292809214441,0.0,342.3108130476851,4
155,2024-01-07T11:00:00Z,11,6,1,0,14,156.08297681606754,11.14878405829054,2341.2446522410132,167.2317608743581,15.0,0.2976181480510946,0.0,156.08297681606754,0
156,2024-01-07T12:00:00Z,12,6,1,0,17,347.59848312738023,20.44696959572825,5213.977246910704,306.7045439359237,15.0,0.4169729284390374,0.0,347.59848312738023,1
157,2024-01-07T13:00:00Z,13,6,1,0,19,430.5321047607904,22.65958446109423,6457.981571411856,339.8937669164134,15.0,0.3844322764607921,0.0,430.5321047607904,2
158,2024-01-07T14:00:00Z,14,6,1,0,21,469.92683235216333,22.377468207245872,7048.90248528245,335.66202310868806,15.0,0.4516124728577691,0.05960788154146879,469.92683235216333,3
159,2024-01-07T15:00:00Z,15,6,1,0,29,540.2635682015008,18.629778213844855,8103.953523022512,279.4466732076728,15.0,0.50349209270806,0.6430348182989328,540.2635682015008,4
160,2024-01-07T16:00:00Z,16,6,1,0,30,723.7350279193101,24.12450093064367,10856.025418789652,361.86751395965507,15.0,0.5709292494729622,0.0,723.7350279193101,0
161,2024-01-07T17:00:00Z,17,6,1,1,24,564.9509240363609,23.539621834848372,8474.263860545414,353.09432752272556,15.0,0.5491913689082596,2.7003642149487774,564.9509240363609,1
162,2024-01-07T18:00:00Z,18,6,1,1,37,447.7886598971702,12.102396213437032,6716.829898457553,181.53594320155548,15.0,0.8498049542287028,3.25887087625686,447.7886598971702,2
163,2024-01-07T19:00:00Z,19,6,1,1,35,741.232547668999,21.178072790542828,11118.488215034986,317.6710918581424,15.0,0.7323104975745007,3.093970169631974,741.232547668999,3
164,2024-01-07T20:00:00Z,20,6,1,0,10,257.1877021603465,25.71877021603465,3857.8155324051972,385.7815532405197,15.0,0.25214137542201587,0.0,257.1877021603465,4
165,2024-01-07T21:00:00Z,21,6,1,0,24,537.5497109319704,22.39790462216543,8063.2456639795555,335.9685693324815,15.0,0.5247327055231725,1.8303578491882604,537.5497109319704,0
166,2024-01-07T22:00:00Z,22,6,1,0,19,448.4734396683549,23.603865245702888,6727.101595025323,354.05797868554333,15.0,0.4970077777913727,0.0416440151331192,448.4734396683549,1
167,2024-01-07T23:00:00Z,23,6,1,0,21,592.4200979662816,28.210480855537217,8886.301469494223,423.1572128330582,15.0,0.35223425532348834,0.0,592.4200979662816,2
168,2024-01-08T00:00:00Z,0,0,0,0,23,351.0557413066557,15.263293100289378,5265.836119599836,228.94939650434065,15.0,0.5087035228146672,2.3442335092398117,351.0557413066557,3
169,2024-01-08T01:00:00Z,1,0,0,0,22,392.98512633055765,17.86296028775262,5894.776894958365,267.9444043162893,15.0,0.4066361890737075,0.0,392.98512633055765,4
170,2024-01-08T02:00:00Z,2,0,0,0,26,646.5624681776161,24.86778723760062,9698.437022664242,373.0168085640093,15.0,0.5963850318715361,1.377285221939062,646.5624681776161,0
171,2024-01-08T03:00:00Z,3,0,0,0,33,465.6653856537617,14.111072292538234,6984.980784806426,211.6660843880735,15.0,0.6876795812558066,1.1965342253641582,465.6653856537617,1
172,2024-01-08T04:00:00Z,4,0,0,0,20,339.49369240080966,16.974684620040485,5092.405386012145,254.62026930060728,15.0,0.33205407179982094,0.0,339.49369240080966,2
173,2024-01-08T05:00:00Z,5,0,0,0,41,997.9090525159523,24.33924518331591,14968.635787739286,365.0886777497386,15.0,0.7643571583398551,1.7070575659018137,997.9090525159523,3
174,2024-01-08T06:00:00Z,6,0,0,0,18,378.4149188572421,21.023051047624563,5676.223782858632,315.34576571436844,15.0,0.41244749731881336,0.3294456204888818,378.4149188572421,4
175,2024-01-08T07:00:00Z,7,0,0,1,44,741.967845436955,16.862905578112613,11129.517681554325,252.9435836716892,15.0,0.8172425018895093,2.677035775963846,741.967845436955,0
176,2024-01-08T08:00:00Z,8,0,0,1,34,613.8210074063262,18.053559041362536,9207.315111094893,270.80338562043806,15.0,0.7918839413868487,2.9745643261571817,613.8210074063262,1
177,2024-01-08T09:00:00Z,9,0,0,1,44,531.6505213713074,12.08296639480244,7974.757820569611,181.2444959220366,15.0,0.8594191518470948,5.009674320981797,531.6505213713074,2
178,2024-01-08T10:00:00Z,10,0,0,0,24,559.2930278066568,23.303876158610702,8389.395417099853,349.55814237916053,15.0,0.4203497041342413,0.05574353037268087,559.2930278066568,3
179,2024-01-08T11:00:00Z,11,0,0,0,13,176.1525415168315,13.55019550129473,2642.288122752472,203.25293251942097,15.0,0.26792626260218694,0.0,176.1525415168315,4
180,2024-01-08T12:00:00Z,12,0,0,0,20,566.9021525289393,28.345107626446964,8503.53228793409,425.17661439670445,15.0,0.4664215300709872,0.13590340590771272,566.9021525289393,0
181,2024-01-08T13:00:00Z,13,0,0,0,15,360.3329332583149,24.022195550554326,5404.993998874723,360.3329332583149,15.0,0.3470235696827192,0.0,360.3329332583149,1
182,2024-01-08T14:00:00Z,14,0,0,0,30,323.26421395558594,10.775473798519531,4848.96320933379,161.63210697779297,15.0,0.608045986900535,0.4079920196348348,323.26421395558594,2
183,2024-01-08T15:00:00Z,15,0,0,0,16,298.48890475561353,18.655556547225846,4477.333571334203,279.8333482083877,15.0,0.43448902328090677,0.0,298.48890475561353,3
184,2024-01-08T16:00:00Z,16,0,0,0,38,771.2515024627528,20.29609217007244,11568.772536941291,304.44138255108663,15.0,0.7573359803249861,3.9230644305605553,771.2515024627528,4
185,2024-01-08T17:00:00Z,17,0,0,1,30,595.0870094676002,19.836233648920008,8926.305142014004,297.5435047338001,15.0,0.7170382658193591,1.6269578870598262,595.0870094676002,0
186,2024-01-08T18:00:00Z,18,0,0,1,30,615.9645341537845,20.532151138459483,9239.468012306766,307.98226707689224,15.0,0.6787154217322836,3.175736486363124,615.9645341537845,1
187,2024-01-08T19:00:00Z,19,0,0,1,19,498.37809328727474,26.230425962488145,7475.671399309121,393.4563894373222,15.0,0.48406486429506274,0.0,498.37809328727474,2
188,2024-01-08T20:00:00Z,20,0,0,0,24,435.42709608050507,18.142795670021044,6531.406441207576,272.1419350503157,15.0,0.46573124059196513,0.0,435.42709608050507,3
189,2024-01-08T21:00:00Z,21,0,0,0,31,629.863152257126,20.318166201842775,9447.947283856889,304.77249302764164,15.0,0.552776476093166,1.4792788238746142,629.863152257126,4
190,2024-01-08T22:00:00Z,22,0,0,0,28,255.59470102786943,9.128382179566765,3833.9205154180413,136.9257326935015,15.0,0.6222203346207937,1.9438754102511724,255.59470102786943,0
191,2024-01-08T23:00:00Z,23,0,0,0,21,430.36830665192014,20.493728888186673,6455.524599778802,307.4059333228001,15.0,0.38709482287827707,0.0,430.36830665192014,1
192,2024-01-09T00:00:00Z,0,1,0,0,29,427.27748550647556,14.73370639677502,6409.1622825971335,221.0055959516253,15.0,0.5500477519420632,0.2601521212624973,427.27748550647556,2
193,2024-01-09T01:00:00Z,1,1,0,0,25,288.3417281612763,11.533669126451052,4325.125922419144,173.00503689676577,15.0,0.46251791924504027,0.0,288.3417281612763,3
194,2024-01-09T02:00:00Z,2,1,0,0,21,344.8225402727484,16.420120965368973,5172.338104091226,246.3018144805346,15.0,0.5230943956388163,0.5570769786302812,344.8225402727484,4
195,2024-01-09T03:00:00Z,3,1,0,0,14,193.09491383356144,13.792493845254388,2896.4237075034216,206.8874076788158,15.0,0.3748886423614697,0.0,193.09491383356144,0
196,2024-01-09T04:00:00Z,4,1,0,0,29,325.79947819395875,11.234464765308923,4886.992172909381,168.51697147963384,15.0,0.631576650828216,0.03533715578587704,325.79947819395875,1
197,2024-01-09T05:00:00Z,5,1,0,0,36,404.37550507488066,11.232652918746686,6065.63257612321,168.4897937812003,15.0,0.6754794181984365,1.2098719470254562,404.37550507488066,2
198,2024-01-09T06:00:00Z,6,1,0,0,24,476.28500992361114,19.845208746817132,7144.275148854167,297.67813120225696,15.0,0.5971822690172736,3.2503014183611416,476.28500992361114,3
199,2024-01-09T07:00:00Z,7,1,0,1,26,800.1811399962995,30.776197692165365,12002.717099944493,461.6429653824805,15.0,0.4715995771197978,0.38825305561174994,800.1811399962995,4
