time_step,hour_of_day,day_of_week,is_weekend,is_peak_hour,acn_sessions_count,acn_total_kwh,acn_avg_kwh_per_session,acn_base_revenue,urban_mean_utilization,total_volume,rolling_3h_volume,queue_length_proxy,occupancy_density,count,fast_count,CBD,dynamic_pricing
0,0,0,0,1,106,1030.1152946266368,9.718068817232423,15451.729419399551,0.47822238976584985,737927.764448341,34.767010524233434,5.709540122495584e-05,11.247791425702003,73.12145748987854,8.323886639676113,0,0
1,0,1,0,1,123,1172.9711048446795,9.536350445891703,17594.56657267019,0.5094583241813379,615253.605139434,35.40970142937839,0.0,11.953750952819641,73.12145748987854,8.323886639676113,0,0
2,0,2,0,1,116,1014.9948578255458,8.749955670909877,15224.922867383186,0.5071155745245903,621761.133749836,35.826692632804246,0.0,11.779458784327979,73.12145748987854,8.323886639676113,0,0
3,0,3,0,1,98,815.5808912783752,8.322253992636481,12233.713369175628,0.5166592535382151,631589.076945829,35.836816593995835,0.0,11.96230411653155,73.12145748987854,8.323886639676113,0,0
4,0,4,0,1,126,1192.1971021893917,9.46188176340787,17882.956532840875,0.5029824848164447,623264.011805417,35.65840116509235,0.0,11.965065245319554,73.12145748987854,8.323886639676113,0,0
5,0,5,1,1,130,1332.8580177120605,10.252753982400465,19992.870265680907,0.5134204262815503,635418.568609659,36.80744188165409,4.541679642894215e-05,12.035859843223852,73.12145748987854,8.323886639676113,0,0
6,0,6,1,1,67,751.504,11.216477611940299,11272.56,0.4870435129423883,738790.895196768,35.885928426607045,0.0,11.329836426666782,73.12145748987854,8.323886639676113,0,0
7,1,0,0,1,87,836.6847610513726,9.617066218981293,12550.271415770589,0.48020731038896647,768353.974029068,42.106528868402634,6.228589224540637e-05,11.291343551561328,73.12145748987854,8.323886639676113,0,0
8,1,1,0,1,132,1132.5737516666666,8.58010417929293,16988.606275,0.5056820232262689,629098.956529564,43.13407077025495,0.0,11.916237750062441,73.12145748987854,8.323886639676113,0,0
9,1,2,0,1,155,1252.1553838112284,8.078421831040183,18782.330757168427,0.5098114056811335,633434.298192225,43.47232607387392,0.0,11.86054419505312,73.12145748987854,8.323886639676113,0,0
10,1,3,0,1,175,1626.0888255675031,9.291936146100017,24391.33238351255,0.5218703324041679,655645.871252428,43.990240771137074,0.0,12.092967644365467,73.12145748987854,8.323886639676113,0,0
11,1,4,0,1,156,1350.3165138649908,8.655875088878146,20254.747707974864,0.5057910523991112,658408.656529149,43.743996276139754,0.0,12.094786347746428,73.12145748987854,8.323886639676113,0,0
12,1,5,1,1,110,1254.0202079062108,11.400183708238279,18810.30311859316,0.5207178220831918,664648.975972128,44.82655127690506,7.785736530675797e-05,12.160179431242685,73.12145748987854,8.323886639676113,0,0
13,1,6,1,1,63,542.5077399701345,8.611233967779912,8137.616099552017,0.49078229674646917,775190.872085322,43.45288259776756,0.0,11.517267946886607,73.12145748987854,8.323886639676113,0,0
14,2,0,0,0,66,620.3519755077701,9.399272356178335,9305.279632616552,0.46701870020927433,680341.74263983,47.54108726363084,6.228589224540637e-05,11.136589728459322,73.12145748987854,8.323886639676113,0,0
15,2,1,0,0,125,1254.4868482676254,10.035894786141004,18817.302724014382,0.4890501184220062,560570.934444573,48.935547189489384,0.0,11.70892734596919,73.12145748987854,8.323886639676113,0,0
16,2,2,0,0,128,1319.0260922939067,10.304891346046146,19785.391384408602,0.4948068747184341,565337.842081858,49.38698055249543,0.0,11.676552974646727,73.12145748987854,8.323886639676113,0,0
17,2,3,0,0,151,1274.8637240143414,8.442806119300274,19122.955860215123,0.5027997338475596,585051.781810449,50.492605514990174,0.0,11.99546160579879,73.12145748987854,8.323886639676113,0,0
18,2,4,0,0,108,950.3764148745491,8.799781619208789,14255.646223118238,0.49362062743816854,595360.490694448,50.48911342885084,0.0,11.937949725196878,73.12145748987854,8.323886639676113,0,0
19,2,5,1,0,88,904.1121394862548,10.274001585071078,13561.682092293822,0.5074364150432378,612635.678190859,51.38872856141724,7.785736530675797e-05,12.067744005005677,73.12145748987854,8.323886639676113,0,0
20,2,6,1,0,46,469.47591965352217,10.20599825333744,7042.138794802832,0.4764312384090815,700624.439443643,48.277095494482225,0.0,11.401047237308912,73.12145748987854,8.323886639676113,0,0
21,3,0,0,0,74,837.58,11.318648648648649,12563.7,0.466905540529575,652676.980556096,48.62630786814309,6.228589224540637e-05,11.108679226284336,73.12145748987854,8.323886639676113,0,0
22,3,1,0,0,80,656.2960489844688,8.20370061230586,9844.440734767033,0.48949324190312504,542980.953752115,50.160755267630144,0.0,11.663456194901789,73.12145748987854,8.323886639676113,0,0
23,3,2,0,0,111,1037.6617353643865,9.34830392220168,15564.926030465796,0.49311245476752663,544193.819165876,50.475146715754605,0.0,11.759810449310992,73.12145748987854,8.323886639676113,0,0
24,3,3,0,0,97,967.559466382922,9.974839859617752,14513.39199574383,0.49947758270281295,556890.176670021,52.04011237112555,0.0,11.921040596543202,73.12145748987854,8.323886639676113,0,0
25,3,4,0,0,106,893.3139077060931,8.427489695340501,13399.708615591397,0.48866289236849136,574048.987365787,52.576282216035615,0.0,11.882595016966489,73.12145748987854,8.323886639676113,0,0
26,3,5,1,0,69,659.185,9.553405797101448,9887.775,0.5037026414688246,596651.629440099,53.741224736507945,7.785736530675797e-05,12.050127007814686,73.12145748987854,8.323886639676113,0,0
27,3,6,1,0,39,456.32955316606797,11.700757773488922,6844.94329749102,0.4723998175803351,664376.692363373,49.48349563849225,0.0,11.347115720043414,73.12145748987854,8.323886639676113,0,0
28,4,0,0,0,45,425.42789755376134,9.453953278972474,6381.41846330642,0.46498691556977434,655339.161251117,45.72840779485357,6.228589224540637e-05,11.121625574977063,73.12145748987854,8.323886639676113,0,0
29,4,1,0,0,56,447.1927080764634,7.98558407279399,6707.890621146951,0.48839173543587544,540297.676532085,47.16192983153037,0.0,11.665869837313192,73.12145748987854,8.323886639676113,0,0
30,4,2,0,0,49,466.9460776583243,9.529511788945394,7004.191164874865,0.4915145499185418,548002.361112037,47.52515412891812,0.0,11.750593949408062,73.12145748987854,8.323886639676113,0,0
31,4,3,0,0,62,442.27231839904044,7.133424490307104,6634.084775985607,0.49672632298654684,554992.757363749,48.8055468759643,0.0,11.810038408738663,73.12145748987854,8.323886639676113,0,0
32,4,4,0,0,60,607.6088617084908,10.126814361808181,9114.132925627362,0.4925743842902328,577062.22805902,49.99199073834503,0.0,11.901549152790967,73.12145748987854,8.323886639676113,0,0
33,4,5,1,0,62,806.5501137992782,13.008872803214164,12098.251706989173,0.5010128333978304,599928.545276113,51.516029628613985,7.785736530675797e-05,12.074318207824629,73.12145748987854,8.323886639676113,0,0
34,4,6,1,0,42,409.11921117084654,9.74093359930587,6136.788167562698,0.47193098769842684,673520.926112521,46.699508255512626,0.0,11.345134191616136,73.12145748987854,8.323886639676113,0,0
35,5,0,0,0,32,319.10418817205044,9.972005880376576,4786.562822580757,0.4688716008736976,697382.450833084,44.60366955425303,6.228589224540637e-05,11.191372671946587,73.12145748987854,8.323886639676113,0,0
36,5,1,0,0,26,327.5485427120645,12.598020873540943,4913.228140680967,0.493160933835441,575341.914445813,46.14047596252687,0.0,11.717014968095812,73.12145748987854,8.323886639676113,0,0
37,5,2,0,0,41,329.56897132616496,8.038267593321097,4943.534569892474,0.4943491560001765,585447.379305061,46.57130507999335,0.0,11.75284088784199,73.12145748987854,8.323886639676113,0,0
38,5,3,0,0,38,245.386597371565,6.457542036093815,3680.7989605734747,0.501747265356945,592228.401947657,47.52728774838851,0.0,11.844328298368938,73.12145748987854,8.323886639676113,0,0
39,5,4,0,0,49,375.32946594982093,7.659785019384101,5629.941989247314,0.49621506444895,610598.710279168,49.03957393356896,0.0,11.953088409958854,73.12145748987854,8.323886639676113,0,0
40,5,5,1,0,48,614.686,12.805958333333335,9220.29,0.5057737882936151,610377.470415139,50.65701032642364,7.785736530675797e-05,12.092353057449612,73.12145748987854,8.323886639676113,0,0
41,5,6,1,0,32,348.97573536439836,10.905491730137449,5234.636030465976,0.47631485109117744,699380.106528932,45.62776874484162,0.0,11.403773002046247,73.12145748987854,8.323886639676113,0,0
42,6,0,0,0,15,116.1671013888889,7.744473425925927,1742.5065208333335,0.4775244941375876,774714.219304596,46.56431322865591,6.228589224540637e-05,11.158298257394023,73.12145748987854,8.323886639676113,0,0
43,6,1,0,0,15,111.37147700119334,7.4247651334128895,1670.5721550179,0.504654913520674,649514.086388848,48.20316405325638,0.0,11.73378546308988,73.12145748987854,8.323886639676113,0,0
44,6,2,0,0,19,223.659,11.771526315789473,3354.8849999999998,0.5079388815641583,646726.247221058,48.70597342850513,0.0,11.878936753254154,73.12145748987854,8.323886639676113,0,0
45,6,3,0,0,13,91.05617712066659,7.0043213169743535,1365.8426568099987,0.5134153671752036,644143.346947553,49.173171911565234,0.0,11.820467783868253,73.12145748987854,8.323886639676113,0,0
46,6,4,0,0,18,195.685,10.87138888888889,2935.275,0.5085291118280095,676038.719721681,51.03933240702309,0.0,11.930433123955632,73.12145748987854,8.323886639676113,0,0
47,6,5,1,0,25,265.97778345280693,10.639111338112277,3989.666751792104,0.5207936416764846,669165.160972395,51.77160604059148,1.2976227551126327e-05,12.14298563485083,73.12145748987854,8.323886639676113,0,0
48,6,6,1,0,33,412.13,12.488787878787878,6181.95,0.4965333041290337,766286.108888544,46.90244595804232,0.0,11.591374100048197,73.12145748987854,8.323886639676113,0,0
49,7,0,0,0,11,83.75070459975437,7.613700418159488,1256.2605689963157,0.41846672275740354,699546.786419647,48.70488183742215,3.633343714315372e-05,10.057902235296604,73.12145748987854,8.323886639676113,0,0
50,7,1,0,0,10,38.96486350059796,3.8964863500597957,584.4729525089693,0.44577128437760866,593659.041916598,50.81930618248039,0.0,10.536636131153855,73.12145748987854,8.323886639676113,0,0
51,7,2,0,0,8,73.28849826761666,9.161062283452083,1099.32747401425,0.44670531338587854,593557.819916622,51.114468858586434,0.0,10.566560680756217,73.12145748987854,8.323886639676113,0,0
52,7,3,0,0,11,41.67654808840593,3.7887770989459937,625.1482213260889,0.44504132432812016,601190.702057326,51.435352174064,0.0,10.626473627782039,73.12145748987854,8.323886639676113,0,0
53,7,4,0,0,9,124.148,13.794222222222222,1862.22,0.45369561308615797,632843.00902831,53.58753992029172,0.0,10.751799161605502,73.12145748987854,8.323886639676113,0,0
54,7,5,1,0,25,256.2606072281924,10.250424289127695,3843.9091084228858,0.5122913267957176,689552.852995855,54.33625307047905,0.0,11.829287833079606,73.12145748987854,8.323886639676113,0,0
55,7,6,1,0,18,210.844579151732,11.713587730651778,3162.66868727598,0.48752119873772176,792771.577082005,49.71686471662403,0.0,11.365707979309395,73.12145748987854,8.323886639676113,0,0
56,8,0,0,0,8,82.70355436080457,10.337944295100572,1240.5533154120685,0.35358407352724097,445251.534164358,46.26847786098378,0.0,8.887147419501693,73.12145748987854,8.323886639676113,0,0
57,8,1,0,0,7,53.20721863799258,7.60103123399894,798.1082795698887,0.36559289309243176,364847.10680861,48.5369363681196,0.0,9.093439377977594,73.12145748987854,8.323886639676113,0,0
58,8,2,0,0,8,81.38221326164651,10.172776657705814,1220.7331989246977,0.35910063310173856,369483.366110807,48.63200616456839,0.0,9.176264699648629,73.12145748987854,8.323886639676113,0,0
59,8,3,0,0,10,105.96268488649929,10.59626848864993,1589.4402732974893,0.3613714436539154,365124.800555219,48.798760121498944,0.0,9.285624305237699,73.12145748987854,8.323886639676113,0,0
60,8,4,0,0,7,85.721,12.245857142857144,1285.815,0.37708292194051213,390791.695832705,51.227239536445765,0.0,9.579356785069264,73.12145748987854,8.323886639676113,0,0
61,8,5,1,0,14,297.84108124253345,21.274362945895245,4467.616218638002,0.4382330632697907,485418.360001128,54.13460790803422,0.0,10.69469508285087,73.12145748987854,8.323886639676113,0,0
62,8,6,1,0,13,114.37429540023787,8.79802272309522,1715.6144310035681,0.42444031893569834,549752.05958444,49.552693173528446,0.0,10.309027812803057,73.12145748987854,8.323886639676113,0,0
63,9,0,0,0,5,76.93336081242516,15.386672162485032,1154.0004121863774,0.37062453027310677,376803.925556347,38.409156995950866,0.0,9.118950581243155,73.12145748987854,8.323886639676113,0,0
64,9,1,0,0,3,9.785,3.2616666666666667,146.775,0.369372902592159,289065.794860169,39.84822052021911,0.0,8.984001931874662,73.12145748987854,8.323886639676113,0,0
65,9,2,0,0,1,5.232718040620085,5.232718040620085,78.49077060930128,0.3794486744429244,293747.123888491,40.01061581496739,0.0,9.414813022353322,73.12145748987854,8.323886639676113,0,0
66,9,3,0,0,2,27.463,13.7315,411.945,0.36241141888000494,287070.421668653,39.978677073352316,0.0,9.167227141538168,73.12145748987854,8.323886639676113,0,0
67,9,4,0,0,7,80.65765651134963,11.522522358764233,1209.8648476702444,0.3716992942856081,304203.09597205,42.264672539721026,0.0,9.327698400797907,73.12145748987854,8.323886639676113,0,0
68,9,5,1,0,4,57.379999999999995,14.344999999999999,860.6999999999999,0.38971450419252035,347083.161807554,47.26743865365976,0.0,9.832101761587642,73.12145748987854,8.323886639676113,0,0
69,9,6,1,0,4,99.396,24.849,1490.94,0.3891621378319926,402987.932942527,43.28070998074361,0.0,9.579608489657414,73.12145748987854,8.323886639676113,0,0
70,10,0,0,0,3,31.152,10.384,467.28000000000003,0.376846146437926,332317.86138867,29.490099266715063,0.0,9.229094507231155,73.12145748987854,8.323886639676113,0,0
71,10,1,0,0,4,24.800175029868594,6.2000437574671485,372.00262544802894,0.3674263229292095,243555.377083525,29.45100002614144,0.0,8.999344505743661,73.12145748987854,8.323886639676113,0,0
72,10,2,0,0,1,6.162,6.162,92.42999999999999,0.36165745516775716,253052.489720238,29.88713205360007,0.0,8.954532487157662,73.12145748987854,8.323886639676113,0,0
73,10,3,0,0,2,15.927,7.9635,238.905,0.3581988395860307,248460.412362877,29.57617480959561,0.0,8.931952718608434,73.12145748987854,8.323886639676113,0,0
74,10,4,0,0,5,24.72711827956848,4.945423655913696,370.9067741935272,0.3646853092950125,264784.152833281,31.478108906062705,0.0,9.041016446947506,73.12145748987854,8.323886639676113,0,0
75,10,5,1,0,4,39.712,9.928,595.6800000000001,0.3659238408651176,287227.113194069,36.62718016214008,0.0,9.390185055990047,73.12145748987854,8.323886639676113,0,0
76,10,6,1,0,5,27.501347670251455,5.500269534050291,412.52021505377184,0.3615205790525917,340337.218971416,33.72059878408368,0.0,9.12455004892168,73.12145748987854,8.323886639676113,0,0
77,11,0,0,0,25,283.3299227628425,11.3331969105137,4249.948841442638,0.37466051858795,340809.912778674,24.258052324634992,0.0,9.271538538718877,73.12145748987854,8.323886639676113,0,0
78,11,1,0,0,29,332.67,11.471379310344828,4990.05,0.36162520243820534,249629.767278969,22.926783524087043,0.0,8.842026882584864,73.12145748987854,8.323886639676113,0,0
79,11,2,0,0,23,258.847,11.254217391304348,3882.705,0.3560965351381445,261981.826802357,23.591263267065212,0.0,8.894825447678077,73.12145748987854,8.323886639676113,0,0
80,11,3,0,0,26,281.446,10.824846153846154,4221.6900000000005,0.35482867394311357,251661.632500016,23.075140682326623,0.0,8.903442121712192,73.12145748987854,8.323886639676113,0,0
81,11,4,0,0,23,234.893,10.212739130434782,3523.395,0.3607583180037164,268065.058609708,24.560009988932915,0.0,9.080479476311735,73.12145748987854,8.323886639676113,0,0
82,11,5,1,0,9,45.856,5.095111111111112,687.84,0.3551610634922799,277331.859860874,27.689542822155065,0.0,9.134589923797733,73.12145748987854,8.323886639676113,0,0
83,11,6,1,0,2,15.539,7.7695,233.085,0.3560834810076679,329216.817139188,25.859026572042165,0.0,8.97349667851157,73.12145748987854,8.323886639676113,0,0
84,12,0,0,0,13,113.05999999999999,8.696923076923076,1695.8999999999999,0.3997552861290596,597130.687359734,25.788066190122766,0.0,9.86797464906852,73.12145748987854,8.323886639676113,0,0
85,12,1,0,0,13,155.2044675,11.938805192307692,2328.0670124999997,0.3925996628259722,440443.191388977,23.728724734067463,0.0,9.511186027596375,73.12145748987854,8.323886639676113,0,0
86,12,2,0,0,17,194.086,11.416823529411765,2911.29,0.38445526450054746,451036.895830752,24.58887769761451,0.0,9.465640653087053,73.12145748987854,8.323886639676113,0,0
87,12,3,0,0,9,104.7518113888889,11.63909015432099,1571.2771708333335,0.38934066008321605,448185.717777857,24.01332300499092,0.0,9.516044974001822,73.12145748987854,8.323886639676113,0,0
88,12,4,0,0,14,93.65,6.689285714285715,1404.75,0.39567711764073077,471332.765000385,25.42597618395256,0.0,9.82381242706996,73.12145748987854,8.323886639676113,0,0
89,12,5,1,0,5,25.308,5.0616,379.62,0.382262955059252,430393.422084249,26.305607707255298,0.0,9.621879768065138,73.12145748987854,8.323886639676113,0,0
90,12,6,1,0,5,24.166,4.8332,362.49,0.371965190603561,471386.927777351,24.486150434033203,0.0,9.384677673083171,73.12145748987854,8.323886639676113,0,0
91,13,0,0,0,76,803.158136499401,10.567870217097383,12047.372047491015,0.4026909738920379,626453.525833255,32.32168949822238,0.0,9.865753412202022,73.12145748987854,8.323886639676113,0,0
92,13,1,0,0,68,695.1234271923531,10.222403341064016,10426.851407885297,0.3920249761771237,458395.294024707,29.708928516530104,0.0,9.448872477605445,73.12145748987854,8.323886639676113,0,0
93,13,2,0,0,73,655.2279230555555,8.975724973363773,9828.418845833332,0.38605830006663605,470381.756942762,30.617395562362162,0.0,9.434455678168094,73.12145748987854,8.323886639676113,0,0
94,13,3,0,0,75,615.9452661290328,8.212603548387104,9239.178991935492,0.3931032309734839,475314.000969837,30.291730156473932,0.0,9.508020018616692,73.12145748987854,8.323886639676113,0,0
95,13,4,0,0,78,735.1467948028669,9.424958907729064,11027.201922043003,0.4013672250113389,499090.942779059,31.96226404377584,0.0,9.787952202276086,73.12145748987854,8.323886639676113,0,0
96,13,5,1,0,18,152.2641277777778,8.459118209876543,2283.9619166666666,0.3904846429583271,470860.562194873,30.814588886921587,0.0,9.672828890005963,73.12145748987854,8.323886639676113,0,0
97,13,6,1,0,8,58.957569892473245,7.369696236559156,884.3635483870987,0.3744825783111108,511273.167223911,27.774590781145186,0.0,9.47019431753728,73.12145748987854,8.323886639676113,0,0
98,14,0,0,1,188,2188.271861111099,11.639743942080313,32824.07791666649,0.3621088631068267,423405.70388835,36.58835040181794,0.0,9.136155545954171,73.12145748987854,8.323886639676113,0,0
99,14,1,0,1,202,2031.0018079271078,10.054464395678751,30465.02711890662,0.36703810835094175,319946.631527827,33.756895350952476,0.0,9.009764376635772,73.12145748987854,8.323886639676113,0,0
100,14,2,0,1,189,1869.3445370370343,9.890711836174784,28040.168055555514,0.36322557156105617,314882.56986276,34.46080395513121,0.0,9.147307649681476,73.12145748987854,8.323886639676113,0,0
101,14,3,0,1,202,1842.1119742921103,9.119366209366882,27631.679614381654,0.35080141607829574,315644.9459708,34.40912341218646,0.0,8.790127998002582,73.12145748987854,8.323886639676113,0,0
102,14,4,0,1,190,1863.9948118279597,9.810499009620841,27959.922177419394,0.36217216805501395,339725.423750226,36.32918142814103,0.0,9.058476498038742,73.12145748987854,8.323886639676113,0,0
103,14,5,1,1,78,726.5914707915131,9.31527526655786,10898.872061872697,0.35798886799103075,346638.023193989,34.45226432945642,0.0,9.138312628542804,73.12145748987854,8.323886639676113,0,0
104,14,6,1,1,39,270.2273207885296,6.9289056612443485,4053.409811827944,0.3552466258970499,381453.090279476,30.365716515884994,0.0,9.03880459247801,73.12145748987854,8.323886639676113,0,0
105,15,0,0,1,466,5106.731917332693,10.958652183117367,76600.9787599904,0.35448926831066835,378292.277916219,34.830953918698164,0.0,8.880850548897277,73.12145748987854,8.323886639676113,0,0
106,15,1,0,1,473,4282.413758252645,9.053728875798402,64236.20637378967,0.3457750554339173,282327.598611272,32.31961356811838,0.0,8.487586256311955,73.12145748987854,8.323886639676113,0,0
107,15,2,0,1,512,4407.862630128392,8.609106699469516,66117.93945192588,0.34520799749228664,279802.281526808,32.60848347768111,0.0,8.608823950821833,73.12145748987854,8.323886639676113,0,0
108,15,3,0,1,503,4147.548144781931,8.245622554238432,62213.222171728965,0.3420746328088739,277681.970694693,32.70225143356453,0.0,8.481586496058018,73.12145748987854,8.323886639676113,0,0
109,15,4,0,1,496,4417.109523867923,8.905462749733715,66256.64285801884,0.3499851240174371,295704.625555809,34.71323897544792,0.0,8.77261201954621,73.12145748987854,8.323886639676113,0,0
110,15,5,1,1,72,620.4897608333333,8.617913344907407,9307.3464125,0.35094301247825693,316513.850805438,33.76761937169918,0.0,8.925622524230015,73.12145748987854,8.323886639676113,0,0
111,15,6,1,1,50,471.52706282556903,9.43054125651138,7072.905942383535,0.35276079223334356,369487.49097435,29.732662804569028,0.0,8.935031198682024,73.12145748987854,8.323886639676113,0,0
112,16,0,0,1,321,3079.3915238948534,9.5931200121335,46190.8728584228,0.35622835936725983,384731.550279031,28.902628125227142,0.0,8.987873109777738,73.12145748987854,8.323886639676113,0,0
113,16,1,0,1,400,3521.3099796893607,8.803274949223402,52819.64969534041,0.3432034513234699,290819.394997958,26.973013995177325,0.0,8.387008535823574,73.12145748987854,8.323886639676113,0,0
114,16,2,0,1,365,3215.889808243712,8.810657008886883,48238.34712365568,0.35182029828062766,293708.026804752,26.951162431705995,0.0,8.640755653594402,73.12145748987854,8.323886639676113,0,0
115,16,3,0,1,383,3148.0564491069163,8.219468535527197,47220.846736603744,0.3400171971278455,287665.017362053,26.933500551788313,0.0,8.48393131848398,73.12145748987854,8.323886639676113,0,0
116,16,4,0,1,375,3364.196681600944,8.97119115093585,50462.95022401416,0.3482574495462637,303275.206804243,28.641255032106795,0.0,8.84945043610152,73.12145748987854,8.323886639676113,0,0
117,16,5,1,1,114,1071.87,9.40236842105263,16078.05,0.35236623403828327,326156.350555533,29.533454828441567,0.0,8.975546935182852,73.12145748987854,8.323886639676113,0,0
118,16,6,1,1,80,842.3108091397851,10.528885114247313,12634.662137096777,0.3537574860558167,388381.551529684,26.728549427895484,0.0,8.903975236889975,73.12145748987854,8.323886639676113,0,0
119,17,0,0,1,159,1471.7609062126635,9.256357900708576,22076.41359318995,0.35567527383690944,438823.525971426,26.503371078716846,0.0,9.103470063092848,73.12145748987854,8.323886639676113,0,0
120,17,1,0,1,161,1429.087,8.876316770186335,21436.305,0.33893350671466227,330865.660414649,24.92484908984069,0.0,8.535756444539402,73.12145748987854,8.323886639676113,0,0
121,17,2,0,1,156,1413.460795997604,9.06064612818977,21201.91193996406,0.34811492781425635,334885.47097331,24.93753879955097,0.0,8.780804117103218,73.12145748987854,8.323886639676113,0,0
122,17,3,0,1,165,1600.260604220428,9.698549116487442,24003.90906330642,0.3387320067667117,323502.457637572,24.538235431709698,0.0,8.553767933064831,73.12145748987854,8.323886639676113,0,0
123,17,4,0,1,181,1738.745478524484,9.606328610632508,26081.18217786726,0.3391986066193132,343132.151527053,26.055893967338616,0.0,8.782955007258545,73.12145748987854,8.323886639676113,0,0
124,17,5,1,1,97,951.151,9.805680412371133,14267.265,0.35302833548585866,363824.642222872,27.75113409642262,0.0,9.092465633541519,73.12145748987854,8.323886639676113,0,0
125,17,6,1,1,98,883.0218523446847,9.01042706474168,13245.32778517027,0.36436727418643855,441623.535001324,26.118950286025406,0.0,9.113427091638448,73.12145748987854,8.323886639676113,0,0
126,18,0,0,0,75,740.3412063261597,9.871216084348797,11105.118094892396,0.35669969180068006,429020.127775116,27.685865419217116,0.0,9.107436957198818,73.12145748987854,8.323886639676113,0,0
127,18,1,0,0,89,681.556,7.6579325842696635,10223.34,0.34200438094806634,331324.666664023,26.19253350896337,0.0,8.669772070838398,73.12145748987854,8.323886639676113,0,0
128,18,2,0,0,65,523.8392482078856,8.059065357044394,7857.588723118284,0.34598303925975527,340141.909027269,26.468338020492094,0.0,8.814582041536381,73.12145748987854,8.323886639676113,0,0
129,18,3,0,0,82,667.0923123596203,8.13527210194659,10006.384685394305,0.3352080875778032,317507.892779063,25.648313385260465,0.0,8.785022103388211,73.12145748987854,8.323886639676113,0,0
130,18,4,0,0,92,596.5152679211388,6.483861607838466,8947.729018817083,0.3322350341367273,332117.634443804,27.091796989162408,0.0,8.698484676857753,73.12145748987854,8.323886639676113,0,0
131,18,5,1,0,106,1020.3053240800483,9.625521925283474,15304.579861200724,0.3548605545170906,347656.966361236,28.830449630355584,0.0,9.020144594693344,73.12145748987854,8.323886639676113,0,0
132,18,6,1,0,110,1127.3228747431347,10.248389770392134,16909.84312114702,0.3756939946299947,437412.269028094,27.878226269709405,0.0,9.37261745563639,73.12145748987854,8.323886639676113,0,0
133,19,0,0,0,97,809.9373306451627,8.34986938809446,12149.05995967744,0.39187429540094804,486036.77174743,29.31381045795838,0.0,9.906488063761023,73.12145748987854,8.323886639676113,0,0
134,19,1,0,0,111,889.6099429360803,8.014503990415138,13344.149144041205,0.375592217599388,371756.579223396,27.924835727281934,0.0,9.472973312095736,73.12145748987854,8.323886639676113,0,0
135,19,2,0,0,121,837.1162419354803,6.918316049053556,12556.743629032204,0.3755936372574191,380466.097472468,28.49294849582339,0.0,9.599550834894094,73.12145748987854,8.323886639676113,0,0
136,19,3,0,0,89,533.8505919474309,5.998321257836302,8007.758879211463,0.3707717430516969,356422.185778681,26.998026008107825,0.0,9.641099057003714,73.12145748987854,8.323886639676113,0,0
137,19,4,0,0,89,546.348158303461,6.138743351724281,8195.222374551915,0.3592757179907803,370850.413612041,28.42417510213803,0.0,9.324901854602679,73.12145748987854,8.323886639676113,0,0
138,19,5,1,0,105,1051.8336404898273,10.01746324276026,15777.50460734741,0.3766192975655901,366401.367221926,29.71547270095965,0.0,9.387222790749849,73.12145748987854,8.323886639676113,0,0
139,19,6,1,0,93,957.1563935573473,10.292004231799433,14357.34590336021,0.3964602072962097,474929.164498442,29.492870418031462,0.0,9.710523656621737,73.12145748987854,8.323886639676113,0,0
140,20,0,0,0,113,773.5568990442116,6.8456362747275366,11603.353485663174,0.420920432696782,510776.457137457,31.418271235175126,0.0,10.484757453034076,73.12145748987854,8.323886639676113,0,0
141,20,1,0,0,100,627.4220967741915,6.274220967741915,9411.331451612872,0.4081085463398582,388997.150776012,30.018143650916873,0.0,10.143793041467356,73.12145748987854,8.323886639676113,0,0
142,20,2,0,0,91,538.865575268816,5.921599728228747,8082.98362903224,0.41229861529209566,394420.762609914,30.66113836706611,0.0,10.16295108962027,73.12145748987854,8.323886639676113,0,0
143,20,3,0,0,111,750.3604495220962,6.7600040497486145,11255.406742831443,0.404676842822454,384591.642223866,28.99386522381313,0.0,10.161827588891256,73.12145748987854,8.323886639676113,0,0
144,20,4,0,0,104,597.0318703703686,5.740691061253544,8955.478055555528,0.39500367483819604,394690.410418488,30.252921894358554,0.0,10.053947039834426,73.12145748987854,8.323886639676113,0,0
145,20,5,1,0,87,946.9246831690557,10.884191760563859,14203.870247535835,0.39217471151196753,371548.97352816,30.500796235073032,0.0,9.680759291632464,73.12145748987854,8.323886639676113,0,0
146,20,6,1,0,111,1075.2722290920008,9.687137199027035,16129.083436380011,0.4060415958454568,467045.074501727,30.889191990519578,0.0,9.867717936824496,73.12145748987854,8.323886639676113,0,0
147,21,0,0,0,68,456.8623524492228,6.7185640066062176,6852.935286738341,0.43570484936950943,484743.043055246,32.76462167213229,0.0,10.677599240075493,73.12145748987854,8.323886639676113,0,0
148,21,1,0,0,59,443.1696947431317,7.511350758358164,6647.545421146975,0.4293440043807052,381732.014665685,31.498915973851595,0.0,10.45064374610984,73.12145748987854,8.323886639676113,0,0
149,21,2,0,0,71,541.9614405615197,7.633259726218587,8129.4216084227955,0.4349758449827547,382941.938111141,32.00376193652388,0.0,10.486479503376527,73.12145748987854,8.323886639676113,0,0
150,21,3,0,0,62,366.318,5.908354838709677,5494.7699999999995,0.4262050643621214,380532.670555317,30.719590671084493,0.0,10.53808648730883,73.12145748987854,8.323886639676113,0,0
151,21,4,0,0,85,589.4778440860222,6.935033459835555,8842.167661290332,0.42424153819025484,390017.170554212,31.68872373254986,0.0,10.454261189359778,73.12145748987854,8.323886639676113,0,0
152,21,5,1,0,92,847.252,9.209260869565217,12708.779999999999,0.4076808718941849,375497.539722779,30.906698809899954,0.0,9.955719842294993,73.12145748987854,8.323886639676113,0,0
153,21,6,1,0,92,791.768816009555,8.606182782712555,11876.532240143326,0.4133337418250612,456148.858055682,31.222620441246633,0.0,10.058905926395193,73.12145748987854,8.323886639676113,0,0
154,22,0,0,0,79,578.7399752090781,7.325822471000989,8681.099628136171,0.45431577526308126,481919.793195554,33.39507471071628,0.0,10.982128047799604,73.12145748987854,8.323886639676113,0,0
155,22,1,0,0,85,720.2330286738378,8.473329749103973,10803.495430107567,0.4524744209634381,379550.461804934,32.39494309477894,0.0,10.752086847794367,73.12145748987854,8.323886639676113,0,0
156,22,2,0,0,61,453.88551984468234,7.4407462269620055,6808.282797670235,0.4593307939658908,377275.891446552,32.64640939499971,0.0,10.969317790368686,73.12145748987854,8.323886639676113,0,0
157,22,3,0,0,56,444.7670534647531,7.942268811870591,6671.505801971296,0.44351963833163477,378586.266944243,32.05416517726094,0.0,10.868772848527968,73.12145748987854,8.323886639676113,0,0
158,22,4,0,0,87,570.9766529271185,6.56295003364504,8564.649793906778,0.443617743452234,394322.638555107,33.00696402692802,0.0,10.945934218394262,73.12145748987854,8.323886639676113,0,0
159,22,5,1,0,101,857.8948814217437,8.494008726947957,12868.423221326155,0.42269800583368144,373012.231250233,31.469314248444213,0.0,10.328093986583985,73.12145748987854,8.323886639676113,0,0
160,22,6,1,0,74,591.1023939665398,7.987870188737024,8866.535909498098,0.42320634048602496,460698.592638249,31.348533662352004,0.0,10.344014328581334,73.12145748987854,8.323886639676113,0,0
161,23,0,0,0,94,704.9854770071788,7.49984550007637,10574.782155107681,0.4700282194129155,514556.096308366,33.14218241104797,0.0,11.248862490723768,73.12145748987854,8.323886639676113,0,0
162,23,1,0,0,81,653.8518186439851,8.0722446746171,9807.777279659776,0.46515969228134546,402009.589167537,32.39162710794761,0.0,11.076118499296769,73.12145748987854,8.323886639676113,0,0
163,23,2,0,0,94,775.9622320519692,8.254917362254991,11639.433480779539,0.4733685927090121,398752.125276817,32.4059974094666,0.0,11.324223280932147,73.12145748987854,8.323886639676113,0,0
164,23,3,0,0,85,683.6239450418167,8.042634647550784,10254.35917562725,0.4613932722648827,398068.704445467,32.27440149075091,0.0,11.182777680773825,73.12145748987854,8.323886639676113,0,0
165,23,4,0,0,78,586.6472774790899,7.521118942039614,8799.70916218635,0.46811772865653567,411896.873609671,33.3095891838335,0.0,11.293094170645263,73.12145748987854,8.323886639676113,0,0
166,23,5,1,0,110,1029.7594566905634,9.36144960627785,15446.391850358452,0.44050688843109215,395904.619582669,31.789779292173186,0.0,10.683792223540406,73.12145748987854,8.323886639676113,0,0
167,23,6,1,0,99,828.2093869444424,8.365751383277196,12423.140804166636,0.4376484908927113,497679.948196099,31.33348882371256,0.0,10.596244270653242,73.12145748987854,8.323886639676113,0,0
